{
  "web": {
    "client_id": "896874297417-5aqcf67r7ccllsfhr6fl6h0k2st9pfop.apps.googleusercontent.com",
    "project_id": "email-452106",
    "auth_uri": "https://accounts.google.com/o/oauth2/auth",
    "token_uri": "https://oauth2.googleapis.com/token",
    "auth_provider_x509_cert_url": "https://www.googleapis.com/oauth2/v1/certs",
    "client_secret": "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",
    "redirect_uris": [
      "https://developers.google.com/oauthplayground"
    ],
    "refresh_token": "1//047IjIP_OeZ96CgYIARAAGAQSNwF-L9IrOS2yTRCF7cvXBZr4UD7RjUz9pJjtCmnBrwYxSzuUnHoRj6kbXPTfRDwCQ2rhk-6YuOs"
  }
}
